"","year","mcmc_med_ssb","lwr_95_ssb","upr_95_ssb","mle_ssb","mcmc_med_rec","lwr_95_rec","upr_95_rec","mle_rec","mcmc_med_totbiom","lwr_95_totbiom","upr_95_totbiom","mle_totbiom"
"1",1,284.938260477685,233.296154579304,347.569871001895,304.392408325323,16.3588545472282,7.1870764438482,37.0296985043733,18.9643012232985,619.135505578187,516.771447128224,750.234536687163,661.661847745545
"2",2,284.537626918431,233.392312472653,346.443639476568,303.699727157255,16.485175229724,7.2777472637033,37.010609088948,19.1767210840839,618.274173196819,517.605536049723,746.296045174039,660.076270611682
"3",3,277.41073303004,227.010603053011,338.58914555304,296.280727549459,16.9489949583664,7.42199202097348,38.0995678257734,19.6574204109057,604.64298459425,505.605015850393,730.542527702763,645.986976665706
"4",4,265.1317653473,215.463283920739,325.378997055549,283.661556536454,17.6330379082079,7.62223234602355,40.5605122336009,20.4746768009792,582.43237791964,484.569165297813,706.450828359546,623.301587465096
"5",5,258.168554093585,209.192095619143,317.312313905798,276.430464722719,18.412030637453,7.8628022997632,42.9990030164889,21.285592697103,572.454276706884,477.134042847116,693.884138475924,612.463830084458
"6",6,256.498274963761,208.143117396234,314.667087289505,274.523860855993,18.9000786853488,8.04323037648364,44.6059103587997,21.7499047398154,573.516014787747,481.10201624735,691.691232867399,612.918531424581
"7",7,254.616481123503,207.19825527117,311.858582563761,272.438457512305,18.8819159324428,8.07702604326862,44.356751675042,21.7846553065699,574.053043559006,484.765242954266,689.85715010658,612.772378894686
"8",8,249.963333253453,203.64330228487,305.58614585666,267.467673551978,18.5290086203356,7.87406944934199,43.0157478924005,21.3389279365426,567.942192552755,481.945382788139,680.85987923647,605.914337978434
"9",9,244.354885963167,199.453986736104,298.325867692222,261.448388040445,17.8566809319177,7.81071265174226,40.0936684455407,20.5540681988148,558.048743465242,475.288576901243,667.57042295998,595.393014149099
"10",10,233.775691256777,190.678373595079,286.058303762049,250.23333447659,16.9446057970254,7.46339085456426,37.6266215263953,19.5966223634484,536.566235227837,456.992487710287,642.582128580566,572.731070286121
"11",11,221.08880247638,179.726805199524,271.423179208177,236.754557406261,16.1537259038985,7.24899292744408,34.6939487098647,18.6154486778693,509.053424707514,432.838100854133,611.913412668685,544.185607907271
"12",12,208.127850734842,168.595404101635,256.638007031567,223.042699392607,15.2397095924765,6.96514767168612,31.8594392382921,17.688889581457,480.576138423471,407.502399613213,579.675167956321,514.61346517096
"13",13,192.724570573855,154.996542270472,239.704667675537,206.825182301309,14.4962990365356,6.66395000770489,29.8633043999933,16.8231032800813,446.363292735019,376.636294614019,542.380208253319,479.427701384571
"14",14,172.941495192142,137.261483752141,218.148945099704,186.043717004471,13.7190591491564,6.50859601071233,27.5635052964239,16.0108775566682,403.482075195916,336.766456723615,495.704009103637,435.087599314571
"15",15,160.521756898421,126.2420995482,204.280957758286,173.126129614434,13.0953055929793,6.2648006978313,25.7892191026635,15.3436993552831,376.59726976995,313.029669097866,465.368480701328,407.566068650744
"16",16,148.99023114539,116.167274328826,191.120382236526,161.155733766622,5.58122184013862,1.32358743556048,16.9557799145384,7.40312793665644,344.812898582376,285.586244060615,428.176556221633,374.765270329715
"17",17,139.39959921223,108.220056861582,179.733502301196,151.315380235275,5.39894358115226,1.31074285307282,15.9010909429177,7.22016072347866,316.596889579534,261.646953185302,394.292652790453,345.53960900823
"18",18,128.634338393386,99.1790350248782,167.275368860754,140.241384425707,5.57008082699575,1.3359904279238,16.302678401442,7.3225385137517,286.18028092616,235.602145879984,358.043277617835,313.966251547243
"19",19,121.99389039362,94.0042224210813,158.932999936893,133.551877692922,6.7683518063136,1.53271076055036,19.7652174239201,8.72157963362505,267.092966621459,219.722573165543,334.345641437691,294.189649890877
"20",20,119.899380050851,93.4092794285833,154.950040760705,131.629954960498,15.8495006941053,3.03115902655414,44.8638858046419,20.2014420073101,269.519258405046,222.294564199405,336.424079450171,297.94728735308
"21",21,116.739243718077,91.904732137342,149.66776200353,128.544248578463,57.4520998734147,20.883991131223,90.9491437066572,64.403538326457,314.323751181146,262.522761994617,388.520000356279,349.711305842992
"22",22,114.252420423818,91.207040051555,145.098173568828,126.090812151986,12.8783527667074,2.16943716096597,47.3358416566826,14.1284631814826,328.352787991246,276.097236408339,404.081204437989,362.258121766173
"23",23,112.29214926661,91.0153578781462,141.182077758697,124.097395925058,20.6088003698555,3.06343677300874,66.7934901209464,22.8641065169178,348.541305795872,291.633418911742,430.735150767065,379.900355645371
"24",24,114.55194462885,94.3161017380512,142.103823710177,126.638414602472,52.8243037915677,9.16554494848229,86.4007169366799,62.6856172475022,397.796322112766,338.556114417407,486.21709067371,439.937407157481
"25",25,121.262270703738,101.321609181333,148.664650795873,133.98137833948,9.83060400246183,1.88671082468111,34.9840643139437,9.631700652067,412.570446245065,353.882892086402,500.689899312494,452.50111530795
"26",26,131.302578639912,110.799713263675,159.707648141925,144.706949998126,9.9626452845868,2.08599719526799,27.9220551536405,10.3370722729899,419.652992371864,361.478014169488,506.613157366804,457.323144390069
"27",27,143.795864540012,122.167066276351,173.858010939266,157.877372610764,14.072504863497,3.18324492178862,30.3514188913558,18.1995563701751,425.181218829262,369.012430685561,509.92880574028,464.5117480886
"28",28,150.884053389163,128.262373228509,182.514729211475,165.155264765029,6.70001369389781,1.60086804820798,17.8038813634999,7.09549986232727,406.452555742822,352.666335575867,487.539459466614,442.528724870063
"29",29,152.633834998113,129.438035493509,185.570984585198,166.764164282387,5.32611279743598,1.31411728857009,14.4858540227098,5.68108184815085,376.560234136565,325.757312992619,453.250624048938,408.573108530609
"30",30,148.565023998678,125.146523240108,182.073770211413,162.151682142961,9.09185006557762,2.31487885562407,19.8662766167671,10.3928734987258,344.369604138695,296.284477530195,416.353090401399,373.162435049907
"31",31,141.023803420702,117.811403504016,174.347164109609,153.829833843629,8.86141450040191,2.04616151421275,21.6885701441751,9.2759376677924,314.843730683814,269.640509547711,383.171913591138,339.58015747361
"32",32,131.751922843316,109.199397626996,164.228598805699,143.548320879638,20.2003220513837,7.79442104200706,32.3742812895477,22.0938525181514,301.0178680687,257.534868549382,366.974736798399,324.510266446639
"33",33,121.927486581218,100.506207654717,152.825711466934,132.588093966585,7.52705424640557,1.68125156337482,20.419451584298,7.67873430753342,281.545850370699,240.22003694792,344.094526221071,301.634384331954
"34",34,112.549138936068,92.3161448090829,141.803930322922,122.060509508606,17.2564526241091,5.56884697600139,29.6598910991293,18.8672668542195,273.547864861507,233.385235602665,335.03498823828,292.880331491658
"35",35,103.088001807803,84.2440384626262,130.555434038762,111.350624242558,10.155309624007,2.50537970600869,21.5787945851049,10.704241344285,259.119665144999,220.372343357168,318.377660249933,276.359904453003
"36",36,95.5781528904039,77.8985270310979,121.528852517888,102.856146107258,8.08299083150004,2.10993523795034,17.5167390949687,8.76660135102819,244.384255512707,207.093401355366,301.548822129234,259.885555908996
"37",37,90.5219485347443,73.7528999090886,115.261791255707,97.026051358262,11.5206588107898,3.56871379260279,21.8353826278197,12.3668101798964,235.378183979601,198.833908108505,291.302997503263,249.683865045531
"38",38,87.7152214972779,71.634308893408,111.584149217796,93.6941858106708,14.4828849501831,5.35369597399839,24.9103431686701,15.5718769206513,232.738070083976,196.401353338839,288.570413226217,246.75415267758
"39",39,86.2929889059873,70.676001847803,109.581247446525,91.8979418383924,7.85717501444171,1.97415578655904,18.5734745047531,8.47067288864276,227.380553885575,191.779390815832,282.07901202198,240.307622688502
"40",40,85.368374557486,70.0322337524377,108.106063704915,90.6144673084467,24.1929222558326,12.2438075505967,37.1968902357806,25.5963037946972,238.729171285582,201.424360085806,295.914615871109,252.019685918532
"41",41,84.6928028895568,69.612132059342,107.082512840616,89.6471280935123,15.7427908734415,4.52230225490589,30.0097538974913,16.9053919813118,244.706424497663,206.728225645038,303.281460517176,258.122950858835
"42",42,83.4478114940246,68.559362859539,105.636408149861,88.1169133210228,13.2008645090688,3.16218649259358,28.6955205893903,14.0631952522834,246.921135345453,208.336018724029,305.853245073412,259.737574715432
"43",43,83.9298106877454,69.0452465451227,106.129252852491,88.421124918532,29.1078739193362,13.9244661610349,44.5823034044785,30.4633482424759,266.38732827956,225.159747264451,329.398053185,279.926288355102
"44",44,85.3112994053055,70.2645921110844,107.651369166811,89.6956055754274,13.1904567249908,3.5366998669522,26.7067626447748,14.2759110398189,271.893005743696,230.246324163829,335.871090779486,285.445732259192
"45",45,87.0874151339959,71.8256250327464,109.890951592399,91.4202690799433,8.49773076190142,2.16384194909716,18.5165225063919,9.23450595769203,269.627108019288,228.236362094711,333.244669560345,282.713483217874
"46",46,89.4578437629393,73.8164103545049,112.8567915319,93.7147186509231,9.14477643539688,2.79375305600885,17.5382599559325,10.0326093105015,264.432123555219,223.48048326363,326.976418767424,277.310159849423
"47",47,92.4721465285539,76.2944082056392,116.553793088743,96.7449728427047,6.7679096146985,1.90384288247979,14.4391809246125,7.32071164424816,256.147244049407,215.973609901447,317.513879960771,268.251190891081
"48",48,95.2476452162455,78.6179655316958,119.945235240819,99.5726257241168,8.21259267720811,2.61420391852939,16.0119676705265,8.95464880399758,248.441000382524,209.15530784831,308.306011812687,260.080021810325
"49",49,96.3521368368473,79.4575341643382,121.490323863576,100.675646286783,9.03866289572444,2.65633984981098,18.202052537408,9.69762715055882,240.298799575416,201.87521633943,299.026928740166,251.331737715956
"50",50,96.1390365343489,79.1006578799589,121.399940368169,100.401951501157,13.7153421818847,4.69251670517712,24.6589533843157,14.8619765904185,238.150624146789,199.535425926636,296.696616617397,249.208801556051
"51",51,94.8660995470375,77.9310620096022,119.801621892824,99.0028441695901,13.7786757532872,4.91529143251322,24.477445770425,14.4619323502723,238.309645733694,199.814575346876,297.239812519124,249.257304013477
"52",52,93.022082408502,76.342298121969,117.469919601334,97.0154656177782,8.21989389763466,2.23400605796205,17.4022499425127,8.93882450139843,234.802999241999,196.96003977878,292.073936336057,245.385166239926
"53",53,90.4654195351174,74.1142355814123,114.355316415277,94.2761298327339,8.10075962952773,2.64955480624558,15.4666118556003,8.96051563144539,229.311828986051,192.118872138237,285.395249012652,239.755051349223
"54",54,87.8712447784484,71.8975857204178,111.265908294463,91.5173511584371,4.74874274352041,1.38631086917215,10.6752152909158,5.17392137559192,218.920503991711,183.052014465489,273.401472949781,228.781286591258
"55",55,85.7156250002977,69.9407577414708,108.793087499174,89.2633586464096,6.06561022310066,1.69208018470379,13.5763021757901,7.12655531687388,209.311537324427,174.009396851524,262.124290347565,218.936695305308
"56",56,84.5621768235594,68.9284349077903,107.471693091437,88.0763465300976,12.1181414806212,3.89923568007425,23.0994324562391,12.4111944823415,207.463039262592,171.88594106719,260.791788573016,216.536489857685
"57",57,83.5600718904153,67.9774866515067,106.305967345415,87.0661435216249,41.8665617787283,25.3062363301657,62.9690491176809,45.769500279719,238.768334467032,196.657732127387,301.165486583444,251.079294549014
"58",58,82.8553042569383,67.3189174664884,105.414667426213,86.319948926591,17.0878756746169,3.69930320422556,38.9675833122933,17.5301404011276,253.246702824577,208.092167913142,319.964630683619,265.028784156288
"59",59,83.1434498946626,67.3540588757891,105.860621936145,86.5696561069735,95.3832626283519,60.7737578077634,141.204001794809,103.300442597482,348.344344638509,282.538860339663,444.819091723926,367.77371171497
"60",60,85.9978387026899,69.533303386864,109.515427294978,89.598442765747,73.6279898845412,30.2330245978433,119.067989721791,75.6048034961718,435.592967298301,356.158003805339,553.183499829818,458.389369829712
"61",61,93.6555246077338,75.6106485387871,119.368897446799,97.6005678275673,27.3259596276094,3.92351354168308,71.8192652834868,32.3957704917541,482.432852186052,395.851790628626,611.711961130745,508.76170381099
"62",62,108.098055474264,87.3472682596217,137.664366943945,112.830269570943,32.0482957015805,5.0645610243603,72.5450468256091,33.4189441128426,525.687667230597,432.3661985587,664.753283057334,552.542227556421
"63",63,129.499676867176,104.709586627498,164.648774090843,135.623919076609,30.0335976822763,4.36704376563788,78.565905907602,41.5988623051572,561.159826090275,458.949484503352,711.800898018668,597.184917032345
"64",64,154.826894106999,125.025304363188,197.045202853383,162.692945552318,20.2200290749868,2.96400352894251,63.5799025197492,33.2637207436129,577.191561818171,471.358817922582,731.125441832478,624.00291212332
"65",65,182.026164902812,146.942891298739,231.622205370457,191.836807803934,19.0495755426922,2.73538461074982,70.6126837764986,21.2041149147893,589.20897892316,483.406653443001,744.654820814807,635.184060395459
"66",66,206.557898106835,166.828756942578,262.531064678335,218.500134553475,17.4883873741976,13.7139576885699,23.0671753113847,20.6078953607793,591.655845298045,484.84599256159,748.034080878663,640.880173865172
